section,item_id,dimension_or_question,description,score_1_to_5,comment_or_response
metadata,M1,Reviewer ID,Optional anonymised reviewer identifier,,
metadata,M2,Expertise or role,"e.g., smart manufacturing, industrial informatisation, manufacturing engineering, tank-area operations, IS/DSR",,
metadata,M3,Permission to use anonymised feedback for formative evaluation reporting,Enter yes or no,,
metadata,M4,Date,Enter date,,
rating,R1,Rationality of the PCIO four-layer model,"Assess whether Perception, Connectivity, Insight, and Optimization represent a reasonable staged capability logic for smart-manufacturing diagnosis.",,
rating,R2,Coverage of diagnostic items,"Assess whether the items cover data capture, system connection, diagnostic insight, optimisation loops, organisational support, and human confirmation.",,
rating,R3,Rationality of risk rules,"Assess whether the risk matrix generates explainable, confirmable candidate risks from PCIO gaps and contextual features.",,
rating,R4,Executability of KPI suggestions,"Assess whether KPI suggestions have clear definitions, feasible data sources, responsibility boundaries, and retest practicality.",,
rating,R5,Cautious expression of ROI scenarios,"Assess whether ROI is clearly framed as scenario estimation and option comparison, not realised benefit or performance validation.",,
rating,R6,Understandability of the report,"Assess whether diagnostic results, risks, KPIs, ROI scenarios, and PDCA plans are understandable for non-research users.",,
rating,R7,Fit for process-manufacturing enterprises,"Assess whether the tool fits batch, asset, quality, process-control, and maintenance diagnosis in process manufacturing.",,
rating,R8,Fit for tank-area storage and operations,"Assess whether the tool fits area, asset, loading/unloading, alarm trend, and human-confirmation diagnosis.",,
rating,R9,Clarity of evidence boundaries,"Assess whether the site distinguishes automated tests, synthetic cases, real T0 cases, and future longitudinal validation.",,
rating,R10,Overall practical potential,"Assess the artifact's potential value for organisational diagnosis after further expert review, field trial, and longitudinal retesting.",,
open_question,Q1,Which design principle is most valuable?,Please explain the most valuable design principle and why,,
open_question,Q2,Which module most needs revision?,Please identify the module and the revision direction,,
open_question,Q3,Which suggestions must be confirmed by human experts?,Please list outputs that require confirmation by engineers managers or domain experts,,
open_question,Q4,What evidence is still needed before use in real enterprises?,Please explain additional evidence or procedures required before real enterprise use,,
boundary,B1,Real T0 case boundary,I understand that real cases are T0 baseline diagnoses and do not represent post-deployment improvement,,
boundary,B2,Synthetic case boundary,I understand that synthetic cases are used only for workflow and rule-response demonstration,,
boundary,B3,ROI scenario boundary,I understand that ROI is a scenario-estimation tool and does not represent realised financial return,,
